{
	"info": {
		"_postman_id": "8c42872f-588d-4e74-a889-0b2aadc4eb25",
		"name": "Lab 3",
		"schema": "https://schema.getpostman.com/json/collection/v2.1.0/collection.json",
		"_exporter_id": "33672757"
	},
	"item": [
		{
			"name": "http://127.0.0.1:6000/customers",
			"request": {
				"method": "GET",
				"header": [],
				"url": {
					"raw": "http://127.0.0.1:6000/customers",
					"protocol": "http",
					"host": [
						"127",
						"0",
						"0",
						"1"
					],
					"port": "6000",
					"path": [
						"customers"
					]
				}
			},
			"response": []
		},
		{
			"name": "http://127.0.0.1:6000/customer/<customer_id>",
			"request": {
				"method": "GET",
				"header": [],
				"url": {
					"raw": "http://127.0.0.1:6000/customer/5",
					"protocol": "http",
					"host": [
						"127",
						"0",
						"0",
						"1"
					],
					"port": "6000",
					"path": [
						"customer",
						"5"
					]
				}
			},
			"response": []
		},
		{
			"name": "http://127.0.0.1:6000/add_customer",
			"request": {
				"method": "POST",
				"header": [],
				"url": {
					"raw": "http://127.0.0.1:6000/add_customer",
					"protocol": "http",
					"host": [
						"127",
						"0",
						"0",
						"1"
					],
					"port": "6000",
					"path": [
						"add_customer"
					]
				}
			},
			"response": []
		},
		{
			"name": "http://127.0.0.1:6000/update_profession/<customer_id>",
			"request": {
				"method": "PUT",
				"header": [],
				"url": {
					"raw": "http://127.0.0.1:6000/update_profession/<customer_id>",
					"protocol": "http",
					"host": [
						"127",
						"0",
						"0",
						"1"
					],
					"port": "6000",
					"path": [
						"update_profession",
						"<customer_id>"
					]
				}
			},
			"response": []
		},
		{
			"name": "http://127.0.0.1:6000/highest_income_report",
			"request": {
				"method": "GET",
				"header": [],
				"url": {
					"raw": "http://127.0.0.1:6000/highest_income_report",
					"protocol": "http",
					"host": [
						"127",
						"0",
						"0",
						"1"
					],
					"port": "6000",
					"path": [
						"highest_income_report"
					]
				}
			},
			"response": []
		},
		{
			"name": "http://127.0.0.1:6000/total_income_report",
			"request": {
				"method": "GET",
				"header": [],
				"url": {
					"raw": "http://127.0.0.1:6000/total_income_report",
					"protocol": "http",
					"host": [
						"127",
						"0",
						"0",
						"1"
					],
					"port": "6000",
					"path": [
						"total_income_report"
					]
				}
			},
			"response": []
		},
		{
			"name": "http://127.0.0.1:6000/average_work_experience",
			"request": {
				"method": "GET",
				"header": [],
				"url": {
					"raw": "http://127.0.0.1:6000/average_work_experience",
					"protocol": "http",
					"host": [
						"127",
						"0",
						"0",
						"1"
					],
					"port": "6000",
					"path": [
						"average_work_experience"
					]
				}
			},
			"response": []
		},
		{
			"name": "http://127.0.0.1:6000/average_spending_score/<profession>",
			"request": {
				"method": "GET",
				"header": [],
				"url": {
					"raw": "http://127.0.0.1:6000/average_spending_score/<profession>",
					"protocol": "http",
					"host": [
						"127",
						"0",
						"0",
						"1"
					],
					"port": "6000",
					"path": [
						"average_spending_score",
						"<profession>"
					]
				}
			},
			"response": []
		}
	]
}