INSERT INTO Students (StudentID, FirstName, LastName) VALUES (1, 'Justin', 'Caldwell');
INSERT INTO Students (StudentID, FirstName, LastName) VALUES (2, 'Kimberly', 'Wise');
INSERT INTO Students (StudentID, FirstName, LastName) VALUES (3, 'Drew', 'Robinson');
INSERT INTO Students (StudentID, FirstName, LastName) VALUES (4, 'Joshua', 'Kaufman');
INSERT INTO Students (StudentID, FirstName, LastName) VALUES (5, 'Kenneth', 'Carlson');
INSERT INTO Students (StudentID, FirstName, LastName) VALUES (6, 'Emily', 'Pham');
INSERT INTO Students (StudentID, FirstName, LastName) VALUES (7, 'Donald', 'Hicks');
INSERT INTO Students (StudentID, FirstName, LastName) VALUES (8, 'Dawn', 'Richardson');
INSERT INTO Students (StudentID, FirstName, LastName) VALUES (9, 'Matthew', 'Bennett');
INSERT INTO Students (StudentID, FirstName, LastName) VALUES (10, 'Frank', 'Mitchell');
INSERT INTO Students (StudentID, FirstName, LastName) VALUES (11, 'Kenneth', 'Brown');
INSERT INTO Students (StudentID, FirstName, LastName) VALUES (12, 'Sierra', 'Ward');
INSERT INTO Students (StudentID, FirstName, LastName) VALUES (13, 'Andrea', 'Hansen');
INSERT INTO Students (StudentID, FirstName, LastName) VALUES (14, 'Christian', 'Carter');
INSERT INTO Students (StudentID, FirstName, LastName) VALUES (15, 'Laura', 'Waters');
INSERT INTO Students (StudentID, FirstName, LastName) VALUES (16, 'Jeffrey', 'Jackson');
INSERT INTO Students (StudentID, FirstName, LastName) VALUES (17, 'Adriana', 'Cervantes');
INSERT INTO Students (StudentID, FirstName, LastName) VALUES (18, 'Charles', 'Willis');
INSERT INTO Students (StudentID, FirstName, LastName) VALUES (19, 'Willie', 'Wallace');
INSERT INTO Students (StudentID, FirstName, LastName) VALUES (20, 'Jim', 'Lopez');
INSERT INTO Students (StudentID, FirstName, LastName) VALUES (21, 'Marcus', 'Burns');
INSERT INTO Students (StudentID, FirstName, LastName) VALUES (22, 'Nicole', 'Merritt');
INSERT INTO Students (StudentID, FirstName, LastName) VALUES (23, 'Emily', 'Martin');
INSERT INTO Students (StudentID, FirstName, LastName) VALUES (24, 'Jennifer', 'Collins');
INSERT INTO Students (StudentID, FirstName, LastName) VALUES (25, 'Michele', 'Jones');
INSERT INTO Students (StudentID, FirstName, LastName) VALUES (26, 'Jennifer', 'Reyes');
INSERT INTO Students (StudentID, FirstName, LastName) VALUES (27, 'Nicole', 'Powell');
INSERT INTO Students (StudentID, FirstName, LastName) VALUES (28, 'Daniel', 'Jones');
INSERT INTO Students (StudentID, FirstName, LastName) VALUES (29, 'Jacob', 'White');
INSERT INTO Students (StudentID, FirstName, LastName) VALUES (30, 'Mike', 'Parker');
INSERT INTO Students (StudentID, FirstName, LastName) VALUES (31, 'Sharon', 'Johnson');
INSERT INTO Students (StudentID, FirstName, LastName) VALUES (32, 'Derek', 'Abbott');
INSERT INTO Students (StudentID, FirstName, LastName) VALUES (33, 'Gregory', 'Hall');
INSERT INTO Students (StudentID, FirstName, LastName) VALUES (34, 'Karen', 'Garcia');
INSERT INTO Students (StudentID, FirstName, LastName) VALUES (35, 'Julie', 'Williams');
INSERT INTO Students (StudentID, FirstName, LastName) VALUES (36, 'Scott', 'Cortez');
INSERT INTO Students (StudentID, FirstName, LastName) VALUES (37, 'Jason', 'Cobb');
INSERT INTO Students (StudentID, FirstName, LastName) VALUES (38, 'Michael', 'Small');
INSERT INTO Students (StudentID, FirstName, LastName) VALUES (39, 'Kimberly', 'Barnes');
INSERT INTO Students (StudentID, FirstName, LastName) VALUES (40, 'Kelly', 'Rocha');
INSERT INTO Students (StudentID, FirstName, LastName) VALUES (41, 'Rhonda', 'Harris');
INSERT INTO Students (StudentID, FirstName, LastName) VALUES (42, 'Barbara', 'King');
INSERT INTO Students (StudentID, FirstName, LastName) VALUES (43, 'Alexis', 'Gonzalez');
INSERT INTO Students (StudentID, FirstName, LastName) VALUES (44, 'Linda', 'Swanson');
INSERT INTO Students (StudentID, FirstName, LastName) VALUES (45, 'Johnny', 'Welch');
INSERT INTO Students (StudentID, FirstName, LastName) VALUES (46, 'David', 'Howe');
INSERT INTO Students (StudentID, FirstName, LastName) VALUES (47, 'Ryan', 'Cox');
INSERT INTO Students (StudentID, FirstName, LastName) VALUES (48, 'Sarah', 'Martin');
INSERT INTO Students (StudentID, FirstName, LastName) VALUES (49, 'Gina', 'Richardson');
INSERT INTO Students (StudentID, FirstName, LastName) VALUES (50, 'Heidi', 'Fletcher');
INSERT INTO Students (StudentID, FirstName, LastName) VALUES (51, 'Mark', 'Nielsen');
INSERT INTO Students (StudentID, FirstName, LastName) VALUES (52, 'Cameron', 'Fisher');
INSERT INTO Students (StudentID, FirstName, LastName) VALUES (53, 'Charlotte', 'Smith');
INSERT INTO Students (StudentID, FirstName, LastName) VALUES (54, 'Richard', 'Johnson');
INSERT INTO Students (StudentID, FirstName, LastName) VALUES (55, 'Michelle', 'Maxwell');
INSERT INTO Students (StudentID, FirstName, LastName) VALUES (56, 'Sandra', 'King');
INSERT INTO Students (StudentID, FirstName, LastName) VALUES (57, 'Jason', 'Turner');
INSERT INTO Students (StudentID, FirstName, LastName) VALUES (58, 'Jose', 'Mann');
INSERT INTO Students (StudentID, FirstName, LastName) VALUES (59, 'Gerald', 'Stevens');
INSERT INTO Students (StudentID, FirstName, LastName) VALUES (60, 'Sherry', 'Scott');
INSERT INTO Students (StudentID, FirstName, LastName) VALUES (61, 'Patricia', 'Ritter');
INSERT INTO Students (StudentID, FirstName, LastName) VALUES (62, 'Gloria', 'Harmon');
INSERT INTO Students (StudentID, FirstName, LastName) VALUES (63, 'James', 'White');
INSERT INTO Students (StudentID, FirstName, LastName) VALUES (64, 'Victoria', 'Oneill');
INSERT INTO Students (StudentID, FirstName, LastName) VALUES (65, 'Pamela', 'Sanchez');
INSERT INTO Students (StudentID, FirstName, LastName) VALUES (66, 'Tina', 'Castillo');
INSERT INTO Students (StudentID, FirstName, LastName) VALUES (67, 'Carolyn', 'Thompson');
INSERT INTO Students (StudentID, FirstName, LastName) VALUES (68, 'Julie', 'Hahn');
INSERT INTO Students (StudentID, FirstName, LastName) VALUES (69, 'Jorge', 'Martin');
INSERT INTO Students (StudentID, FirstName, LastName) VALUES (70, 'Taylor', 'Warren');
INSERT INTO Students (StudentID, FirstName, LastName) VALUES (71, 'Andrew', 'Moon');
INSERT INTO Students (StudentID, FirstName, LastName) VALUES (72, 'Cory', 'Fowler');
INSERT INTO Students (StudentID, FirstName, LastName) VALUES (73, 'Matthew', 'Tran');
INSERT INTO Students (StudentID, FirstName, LastName) VALUES (74, 'Amy', 'Rodriguez');
INSERT INTO Students (StudentID, FirstName, LastName) VALUES (75, 'Robert', 'Richard');
INSERT INTO Students (StudentID, FirstName, LastName) VALUES (76, 'David', 'Cochran');
INSERT INTO Students (StudentID, FirstName, LastName) VALUES (77, 'Mindy', 'Farmer');
INSERT INTO Students (StudentID, FirstName, LastName) VALUES (78, 'Matthew', 'Christensen');
INSERT INTO Students (StudentID, FirstName, LastName) VALUES (79, 'Michael', 'Bates');
INSERT INTO Students (StudentID, FirstName, LastName) VALUES (80, 'Renee', 'Mitchell');
INSERT INTO Students (StudentID, FirstName, LastName) VALUES (81, 'David', 'Lawrence');
INSERT INTO Students (StudentID, FirstName, LastName) VALUES (82, 'Matthew', 'Valenzuela');
INSERT INTO Students (StudentID, FirstName, LastName) VALUES (83, 'Sean', 'Harris');
INSERT INTO Students (StudentID, FirstName, LastName) VALUES (84, 'Jeremy', 'Carrillo');
INSERT INTO Students (StudentID, FirstName, LastName) VALUES (85, 'Tammy', 'Garrison');
INSERT INTO Students (StudentID, FirstName, LastName) VALUES (86, 'Jose', 'Parker');
INSERT INTO Students (StudentID, FirstName, LastName) VALUES (87, 'Julia', 'Walters');
INSERT INTO Students (StudentID, FirstName, LastName) VALUES (88, 'Robert', 'Munoz');
INSERT INTO Students (StudentID, FirstName, LastName) VALUES (89, 'Erin', 'Burnett');
INSERT INTO Students (StudentID, FirstName, LastName) VALUES (90, 'Anna', 'Smith');
INSERT INTO Students (StudentID, FirstName, LastName) VALUES (91, 'Elizabeth', 'Garrison');
INSERT INTO Students (StudentID, FirstName, LastName) VALUES (92, 'Jamie', 'Price');
INSERT INTO Students (StudentID, FirstName, LastName) VALUES (93, 'Jennifer', 'Wilkerson');
INSERT INTO Students (StudentID, FirstName, LastName) VALUES (94, 'Laura', 'Freeman');
INSERT INTO Students (StudentID, FirstName, LastName) VALUES (95, 'Ashley', 'Mckee');
INSERT INTO Students (StudentID, FirstName, LastName) VALUES (96, 'Renee', 'Zimmerman');
INSERT INTO Students (StudentID, FirstName, LastName) VALUES (97, 'Ryan', 'Woodward');
INSERT INTO Students (StudentID, FirstName, LastName) VALUES (98, 'Heather', 'Larson');
INSERT INTO Students (StudentID, FirstName, LastName) VALUES (99, 'Eric', 'Hoover');
INSERT INTO Students (StudentID, FirstName, LastName) VALUES (100, 'Christian', 'Henson');
INSERT INTO Students (StudentID, FirstName, LastName) VALUES (101, 'Lauren', 'Garcia');
INSERT INTO Students (StudentID, FirstName, LastName) VALUES (102, 'Dana', 'Beltran');
INSERT INTO Students (StudentID, FirstName, LastName) VALUES (103, 'Christopher', 'Russell');
INSERT INTO Students (StudentID, FirstName, LastName) VALUES (104, 'Kelsey', 'Lewis');
INSERT INTO Students (StudentID, FirstName, LastName) VALUES (105, 'Stephen', 'Jacobs');
INSERT INTO Students (StudentID, FirstName, LastName) VALUES (106, 'Cynthia', 'Wise');
INSERT INTO Students (StudentID, FirstName, LastName) VALUES (107, 'Joshua', 'Ali');
INSERT INTO Students (StudentID, FirstName, LastName) VALUES (108, 'Kenneth', 'Martin');
INSERT INTO Students (StudentID, FirstName, LastName) VALUES (109, 'Lisa', 'Malone');
INSERT INTO Students (StudentID, FirstName, LastName) VALUES (110, 'William', 'Chandler');
INSERT INTO Students (StudentID, FirstName, LastName) VALUES (111, 'Donna', 'Pena');
INSERT INTO Students (StudentID, FirstName, LastName) VALUES (112, 'Daniel', 'Rogers');
INSERT INTO Students (StudentID, FirstName, LastName) VALUES (113, 'Jennifer', 'Anderson');
INSERT INTO Students (StudentID, FirstName, LastName) VALUES (114, 'Courtney', 'Meyer');
INSERT INTO Students (StudentID, FirstName, LastName) VALUES (115, 'Amber', 'Roberson');
INSERT INTO Students (StudentID, FirstName, LastName) VALUES (116, 'Brooke', 'Clark');
INSERT INTO Students (StudentID, FirstName, LastName) VALUES (117, 'Dawn', 'Brown');
INSERT INTO Students (StudentID, FirstName, LastName) VALUES (118, 'Sheila', 'Miller');
INSERT INTO Students (StudentID, FirstName, LastName) VALUES (119, 'Ronald', 'Padilla');
INSERT INTO Students (StudentID, FirstName, LastName) VALUES (120, 'Darin', 'Wu');
INSERT INTO Students (StudentID, FirstName, LastName) VALUES (121, 'Amanda', 'Hanson');
INSERT INTO Students (StudentID, FirstName, LastName) VALUES (122, 'Joe', 'Jimenez');
INSERT INTO Students (StudentID, FirstName, LastName) VALUES (123, 'Bethany', 'Moran');
INSERT INTO Students (StudentID, FirstName, LastName) VALUES (124, 'Thomas', 'Ferguson');
INSERT INTO Students (StudentID, FirstName, LastName) VALUES (125, 'Christine', 'Mathis');
INSERT INTO Students (StudentID, FirstName, LastName) VALUES (126, 'Larry', 'Davis');
INSERT INTO Students (StudentID, FirstName, LastName) VALUES (127, 'Meghan', 'Richardson');
INSERT INTO Students (StudentID, FirstName, LastName) VALUES (128, 'Francisco', 'Ortega');
INSERT INTO Students (StudentID, FirstName, LastName) VALUES (129, 'George', 'Shea');
INSERT INTO Students (StudentID, FirstName, LastName) VALUES (130, 'Michelle', 'Edwards');
INSERT INTO Students (StudentID, FirstName, LastName) VALUES (131, 'Amber', 'Anderson');
INSERT INTO Students (StudentID, FirstName, LastName) VALUES (132, 'Russell', 'Hunter');
INSERT INTO Students (StudentID, FirstName, LastName) VALUES (133, 'Lisa', 'Smith');
INSERT INTO Students (StudentID, FirstName, LastName) VALUES (134, 'Stephen', 'Hines');
INSERT INTO Students (StudentID, FirstName, LastName) VALUES (135, 'Carol', 'Wilson');
INSERT INTO Students (StudentID, FirstName, LastName) VALUES (136, 'Brenda', 'Taylor');
INSERT INTO Students (StudentID, FirstName, LastName) VALUES (137, 'Miranda', 'Baker');
INSERT INTO Students (StudentID, FirstName, LastName) VALUES (138, 'Amanda', 'Lewis');
INSERT INTO Students (StudentID, FirstName, LastName) VALUES (139, 'Michael', 'Hughes');
INSERT INTO Students (StudentID, FirstName, LastName) VALUES (140, 'Thomas', 'Harvey');
INSERT INTO Students (StudentID, FirstName, LastName) VALUES (141, 'Tina', 'Jackson');
INSERT INTO Students (StudentID, FirstName, LastName) VALUES (142, 'Jodi', 'Thompson');
INSERT INTO Students (StudentID, FirstName, LastName) VALUES (143, 'Sabrina', 'Lucero');
INSERT INTO Students (StudentID, FirstName, LastName) VALUES (144, 'Lisa', 'Jones');
INSERT INTO Students (StudentID, FirstName, LastName) VALUES (145, 'David', 'Warren');
INSERT INTO Students (StudentID, FirstName, LastName) VALUES (146, 'Sara', 'Wilson');
INSERT INTO Students (StudentID, FirstName, LastName) VALUES (147, 'Carol', 'Morales');
INSERT INTO Students (StudentID, FirstName, LastName) VALUES (148, 'Matthew', 'Waters');
INSERT INTO Students (StudentID, FirstName, LastName) VALUES (149, 'Rachel', 'Sloan');
INSERT INTO Students (StudentID, FirstName, LastName) VALUES (150, 'Patricia', 'Murphy');
INSERT INTO Students (StudentID, FirstName, LastName) VALUES (151, 'Gabrielle', 'Jimenez');
INSERT INTO Students (StudentID, FirstName, LastName) VALUES (152, 'Christopher', 'Martinez');
INSERT INTO Students (StudentID, FirstName, LastName) VALUES (153, 'Karina', 'Fletcher');
INSERT INTO Students (StudentID, FirstName, LastName) VALUES (154, 'Phillip', 'Clements');
INSERT INTO Students (StudentID, FirstName, LastName) VALUES (155, 'Erica', 'Fleming');
INSERT INTO Students (StudentID, FirstName, LastName) VALUES (156, 'Jessica', 'Ray');
INSERT INTO Students (StudentID, FirstName, LastName) VALUES (157, 'Justin', 'Mack');
INSERT INTO Students (StudentID, FirstName, LastName) VALUES (158, 'Jennifer', 'Bennett');
INSERT INTO Students (StudentID, FirstName, LastName) VALUES (159, 'Stephen', 'Thompson');
INSERT INTO Students (StudentID, FirstName, LastName) VALUES (160, 'Andrew', 'Reed');
INSERT INTO Students (StudentID, FirstName, LastName) VALUES (161, 'Jill', 'Velasquez');
INSERT INTO Students (StudentID, FirstName, LastName) VALUES (162, 'Tara', 'Foster');
INSERT INTO Students (StudentID, FirstName, LastName) VALUES (163, 'Tina', 'Martin');
INSERT INTO Students (StudentID, FirstName, LastName) VALUES (164, 'Heather', 'Vazquez');
INSERT INTO Students (StudentID, FirstName, LastName) VALUES (165, 'Linda', 'Lee');
INSERT INTO Students (StudentID, FirstName, LastName) VALUES (166, 'Megan', 'Jensen');
INSERT INTO Students (StudentID, FirstName, LastName) VALUES (167, 'Kelly', 'Kelly');
INSERT INTO Students (StudentID, FirstName, LastName) VALUES (168, 'Briana', 'Hodges');
INSERT INTO Students (StudentID, FirstName, LastName) VALUES (169, 'Christopher', 'Acosta');
INSERT INTO Students (StudentID, FirstName, LastName) VALUES (170, 'Alejandro', 'Garza');
INSERT INTO Students (StudentID, FirstName, LastName) VALUES (171, 'Matthew', 'Logan');
INSERT INTO Students (StudentID, FirstName, LastName) VALUES (172, 'Kimberly', 'Garcia');
INSERT INTO Students (StudentID, FirstName, LastName) VALUES (173, 'Mary', 'Kelley');
INSERT INTO Students (StudentID, FirstName, LastName) VALUES (174, 'Kirk', 'Rubio');
INSERT INTO Students (StudentID, FirstName, LastName) VALUES (175, 'Christina', 'Hudson');
INSERT INTO Students (StudentID, FirstName, LastName) VALUES (176, 'Rebekah', 'Taylor');
INSERT INTO Students (StudentID, FirstName, LastName) VALUES (177, 'Charles', 'Murray');
INSERT INTO Students (StudentID, FirstName, LastName) VALUES (178, 'Evan', 'Morales');
INSERT INTO Students (StudentID, FirstName, LastName) VALUES (179, 'Ian', 'Rowe');
INSERT INTO Students (StudentID, FirstName, LastName) VALUES (180, 'Ashley', 'Callahan');
INSERT INTO Students (StudentID, FirstName, LastName) VALUES (181, 'Jason', 'Green');
INSERT INTO Students (StudentID, FirstName, LastName) VALUES (182, 'Andrea', 'Miller');
INSERT INTO Students (StudentID, FirstName, LastName) VALUES (183, 'Danielle', 'Torres');
INSERT INTO Students (StudentID, FirstName, LastName) VALUES (184, 'Denise', 'Young');
INSERT INTO Students (StudentID, FirstName, LastName) VALUES (185, 'Thomas', 'Goodman');
INSERT INTO Students (StudentID, FirstName, LastName) VALUES (186, 'Charlotte', 'King');
INSERT INTO Students (StudentID, FirstName, LastName) VALUES (187, 'Kristina', 'Mahoney');
INSERT INTO Students (StudentID, FirstName, LastName) VALUES (188, 'Kenneth', 'Franco');
INSERT INTO Students (StudentID, FirstName, LastName) VALUES (189, 'Brandy', 'Medina');
INSERT INTO Students (StudentID, FirstName, LastName) VALUES (190, 'Kelsey', 'Cruz');
INSERT INTO Students (StudentID, FirstName, LastName) VALUES (191, 'Philip', 'Stuart');
INSERT INTO Students (StudentID, FirstName, LastName) VALUES (192, 'Micheal', 'Miller');
INSERT INTO Students (StudentID, FirstName, LastName) VALUES (193, 'Victoria', 'Harris');
INSERT INTO Students (StudentID, FirstName, LastName) VALUES (194, 'Danielle', 'Hull');
INSERT INTO Students (StudentID, FirstName, LastName) VALUES (195, 'Joseph', 'Brown');
INSERT INTO Students (StudentID, FirstName, LastName) VALUES (196, 'Kimberly', 'Nichols');
INSERT INTO Students (StudentID, FirstName, LastName) VALUES (197, 'Samantha', 'Rosales');
INSERT INTO Students (StudentID, FirstName, LastName) VALUES (198, 'Ian', 'Shaw');
INSERT INTO Students (StudentID, FirstName, LastName) VALUES (199, 'Suzanne', 'Joseph');
INSERT INTO Students (StudentID, FirstName, LastName) VALUES (200, 'Stephanie', 'Hunt');
INSERT INTO Lecturers (LecId, LecName, Department) VALUES (1, 'Brandon Medina', 'Dramatherapist');
INSERT INTO Lecturers (LecId, LecName, Department) VALUES (2, 'Ashley Nguyen', 'Visual merchandiser');
INSERT INTO Lecturers (LecId, LecName, Department) VALUES (3, 'Michael Wilson', 'Production designer, theatre/television/film');
INSERT INTO Lecturers (LecId, LecName, Department) VALUES (4, 'Savannah Harper', 'Film/video editor');
INSERT INTO Lecturers (LecId, LecName, Department) VALUES (5, 'Sara Macias', 'Visual merchandiser');
INSERT INTO Lecturers (LecId, LecName, Department) VALUES (6, 'Luke Velazquez', 'Pharmacologist');
INSERT INTO Lecturers (LecId, LecName, Department) VALUES (7, 'Jennifer Parker', 'Radiographer, diagnostic');
INSERT INTO Lecturers (LecId, LecName, Department) VALUES (8, 'Joshua Lamb', 'Hotel manager');
INSERT INTO Lecturers (LecId, LecName, Department) VALUES (9, 'Monica Nichols', 'Publishing copy');
INSERT INTO Lecturers (LecId, LecName, Department) VALUES (10, 'Derrick Webb', 'Data scientist');
INSERT INTO Courses (CourseID, CourseName, CourseCode) VALUES (1, 'Synergistic composite success', 6361);
INSERT INTO Courses (CourseID, CourseName, CourseCode) VALUES (2, 'Fundamental even-keeled benchmark', 1306);
INSERT INTO Courses (CourseID, CourseName, CourseCode) VALUES (3, 'Expanded multimedia projection', 9409);
INSERT INTO Courses (CourseID, CourseName, CourseCode) VALUES (4, 'Customizable grid-enabled adapter', 8167);
INSERT INTO Courses (CourseID, CourseName, CourseCode) VALUES (5, 'Balanced well-modulated archive', 2219);
INSERT INTO Courses (CourseID, CourseName, CourseCode) VALUES (6, 'Optimized local framework', 6676);
INSERT INTO Courses (CourseID, CourseName, CourseCode) VALUES (7, 'Compatible explicit migration', 3648);
INSERT INTO Courses (CourseID, CourseName, CourseCode) VALUES (8, 'Devolved client-server orchestration', 9152);
INSERT INTO Courses (CourseID, CourseName, CourseCode) VALUES (9, 'Synergistic stable knowledge user', 7291);
INSERT INTO Courses (CourseID, CourseName, CourseCode) VALUES (10, 'Cross-platform optimal projection', 4926);
INSERT INTO Courses (CourseID, CourseName, CourseCode) VALUES (11, 'Public-key disintermediate solution', 7156);
INSERT INTO Courses (CourseID, CourseName, CourseCode) VALUES (12, 'Function-based stable architecture', 3844);
INSERT INTO Courses (CourseID, CourseName, CourseCode) VALUES (13, 'Persistent bandwidth-monitored solution', 8318);
INSERT INTO Courses (CourseID, CourseName, CourseCode) VALUES (14, 'Networked demand-driven definition', 3369);
INSERT INTO Courses (CourseID, CourseName, CourseCode) VALUES (15, 'Devolved clear-thinking structure', 4400);
INSERT INTO Courses (CourseID, CourseName, CourseCode) VALUES (16, 'Innovative 5thgeneration Graphical User Interface', 9006);
INSERT INTO Courses (CourseID, CourseName, CourseCode) VALUES (17, 'Ergonomic scalable hierarchy', 8103);
INSERT INTO Courses (CourseID, CourseName, CourseCode) VALUES (18, 'Innovative homogeneous customer loyalty', 3068);
INSERT INTO Courses (CourseID, CourseName, CourseCode) VALUES (19, 'Focused national website', 7657);
INSERT INTO Courses (CourseID, CourseName, CourseCode) VALUES (20, 'Synchronized object-oriented encryption', 8524);
INSERT INTO Courses (CourseID, CourseName, CourseCode) VALUES (21, 'Phased user-facing extranet', 8771);
INSERT INTO Courses (CourseID, CourseName, CourseCode) VALUES (22, 'Grass-roots object-oriented portal', 8832);
INSERT INTO Courses (CourseID, CourseName, CourseCode) VALUES (23, 'Innovative bi-directional leverage', 4532);
INSERT INTO Courses (CourseID, CourseName, CourseCode) VALUES (24, 'Phased intangible matrices', 6378);
INSERT INTO Courses (CourseID, CourseName, CourseCode) VALUES (25, 'Switchable actuating hub', 2466);
INSERT INTO Courses (CourseID, CourseName, CourseCode) VALUES (26, 'De-engineered non-volatile definition', 6581);
INSERT INTO Courses (CourseID, CourseName, CourseCode) VALUES (27, 'Advanced intangible synergy', 8193);
INSERT INTO Courses (CourseID, CourseName, CourseCode) VALUES (28, 'Sharable optimal intranet', 7625);
INSERT INTO Courses (CourseID, CourseName, CourseCode) VALUES (29, 'Public-key even-keeled website', 3619);
INSERT INTO Courses (CourseID, CourseName, CourseCode) VALUES (30, 'Enterprise-wide contextually-based moderator', 9093);
INSERT INTO Courses (CourseID, CourseName, CourseCode) VALUES (31, 'Fully-configurable background contingency', 5783);
INSERT INTO Courses (CourseID, CourseName, CourseCode) VALUES (32, 'Balanced multi-state policy', 2601);
INSERT INTO Courses (CourseID, CourseName, CourseCode) VALUES (33, 'Seamless zero administration collaboration', 7373);
INSERT INTO Courses (CourseID, CourseName, CourseCode) VALUES (34, 'Customer-focused mission-critical moderator', 3567);
INSERT INTO Courses (CourseID, CourseName, CourseCode) VALUES (35, 'Proactive homogeneous migration', 8575);
INSERT INTO Courses (CourseID, CourseName, CourseCode) VALUES (36, 'Implemented regional circuit', 3386);
INSERT INTO Courses (CourseID, CourseName, CourseCode) VALUES (37, 'Synergized mission-critical service-desk', 5197);
INSERT INTO Courses (CourseID, CourseName, CourseCode) VALUES (38, 'Networked disintermediate groupware', 1441);
INSERT INTO Courses (CourseID, CourseName, CourseCode) VALUES (39, 'Organic contextually-based toolset', 2084);
INSERT INTO Courses (CourseID, CourseName, CourseCode) VALUES (40, 'Team-oriented empowering strategy', 8189);
INSERT INTO Courses (CourseID, CourseName, CourseCode) VALUES (41, 'Universal bottom-line installation', 8249);
INSERT INTO Courses (CourseID, CourseName, CourseCode) VALUES (42, 'Grass-roots 6thgeneration knowledgebase', 8717);
INSERT INTO Courses (CourseID, CourseName, CourseCode) VALUES (43, 'Re-engineered zero administration definition', 1712);
INSERT INTO Courses (CourseID, CourseName, CourseCode) VALUES (44, 'Implemented 24/7 monitoring', 2939);
INSERT INTO Courses (CourseID, CourseName, CourseCode) VALUES (45, 'Ameliorated web-enabled definition', 9575);
INSERT INTO Courses (CourseID, CourseName, CourseCode) VALUES (46, 'Synergized web-enabled parallelism', 5794);
INSERT INTO Courses (CourseID, CourseName, CourseCode) VALUES (47, 'Synergistic global parallelism', 6141);
INSERT INTO Courses (CourseID, CourseName, CourseCode) VALUES (48, 'Fully-configurable stable Local Area Network', 5776);
INSERT INTO Courses (CourseID, CourseName, CourseCode) VALUES (49, 'Customer-focused high-level database', 4211);
INSERT INTO Courses (CourseID, CourseName, CourseCode) VALUES (50, 'Focused intermediate collaboration', 7220);
INSERT INTO Teaches (LecId, CourseID) VALUES (5, 1);
INSERT INTO Teaches (LecId, CourseID) VALUES (2, 2);
INSERT INTO Teaches (LecId, CourseID) VALUES (8, 3);
INSERT INTO Teaches (LecId, CourseID) VALUES (4, 4);
INSERT INTO Teaches (LecId, CourseID) VALUES (2, 5);
INSERT INTO Teaches (LecId, CourseID) VALUES (6, 6);
INSERT INTO Teaches (LecId, CourseID) VALUES (1, 7);
INSERT INTO Teaches (LecId, CourseID) VALUES (5, 8);
INSERT INTO Teaches (LecId, CourseID) VALUES (3, 9);
INSERT INTO Teaches (LecId, CourseID) VALUES (9, 10);
INSERT INTO Teaches (LecId, CourseID) VALUES (7, 11);
INSERT INTO Teaches (LecId, CourseID) VALUES (2, 12);
INSERT INTO Teaches (LecId, CourseID) VALUES (10, 13);
INSERT INTO Teaches (LecId, CourseID) VALUES (10, 14);
INSERT INTO Teaches (LecId, CourseID) VALUES (10, 15);
INSERT INTO Teaches (LecId, CourseID) VALUES (1, 16);
INSERT INTO Teaches (LecId, CourseID) VALUES (2, 17);
INSERT INTO Teaches (LecId, CourseID) VALUES (1, 18);
INSERT INTO Teaches (LecId, CourseID) VALUES (4, 19);
INSERT INTO Teaches (LecId, CourseID) VALUES (2, 20);
INSERT INTO Teaches (LecId, CourseID) VALUES (3, 21);
INSERT INTO Teaches (LecId, CourseID) VALUES (5, 22);
INSERT INTO Teaches (LecId, CourseID) VALUES (9, 23);
INSERT INTO Teaches (LecId, CourseID) VALUES (1, 24);
INSERT INTO Teaches (LecId, CourseID) VALUES (2, 25);
INSERT INTO Teaches (LecId, CourseID) VALUES (1, 26);
INSERT INTO Teaches (LecId, CourseID) VALUES (10, 27);
INSERT INTO Teaches (LecId, CourseID) VALUES (4, 28);
INSERT INTO Teaches (LecId, CourseID) VALUES (8, 29);
INSERT INTO Teaches (LecId, CourseID) VALUES (4, 30);
INSERT INTO Teaches (LecId, CourseID) VALUES (6, 31);
INSERT INTO Teaches (LecId, CourseID) VALUES (4, 32);
INSERT INTO Teaches (LecId, CourseID) VALUES (2, 33);
INSERT INTO Teaches (LecId, CourseID) VALUES (8, 34);
INSERT INTO Teaches (LecId, CourseID) VALUES (7, 35);
INSERT INTO Teaches (LecId, CourseID) VALUES (7, 36);
INSERT INTO Teaches (LecId, CourseID) VALUES (10, 37);
INSERT INTO Teaches (LecId, CourseID) VALUES (4, 38);
INSERT INTO Teaches (LecId, CourseID) VALUES (5, 39);
INSERT INTO Teaches (LecId, CourseID) VALUES (5, 40);
INSERT INTO Teaches (LecId, CourseID) VALUES (4, 41);
INSERT INTO Teaches (LecId, CourseID) VALUES (7, 42);
INSERT INTO Teaches (LecId, CourseID) VALUES (6, 43);
INSERT INTO Teaches (LecId, CourseID) VALUES (1, 44);
INSERT INTO Teaches (LecId, CourseID) VALUES (9, 45);
INSERT INTO Teaches (LecId, CourseID) VALUES (1, 46);
INSERT INTO Teaches (LecId, CourseID) VALUES (9, 47);
INSERT INTO Teaches (LecId, CourseID) VALUES (3, 48);
INSERT INTO Teaches (LecId, CourseID) VALUES (2, 49);
INSERT INTO Teaches (LecId, CourseID) VALUES (9, 50);
INSERT INTO Grades (Grade, CourseID, StudentID) VALUES (55, 1, 146);
INSERT INTO Grades (Grade, CourseID, StudentID) VALUES (70, 1, 140);
INSERT INTO Grades (Grade, CourseID, StudentID) VALUES (100, 1, 75);
INSERT INTO Grades (Grade, CourseID, StudentID) VALUES (92, 1, 158);
INSERT INTO Grades (Grade, CourseID, StudentID) VALUES (98, 1, 142);
INSERT INTO Grades (Grade, CourseID, StudentID) VALUES (87, 1, 43);
INSERT INTO Grades (Grade, CourseID, StudentID) VALUES (92, 1, 137);
INSERT INTO Grades (Grade, CourseID, StudentID) VALUES (58, 1, 188);
INSERT INTO Grades (Grade, CourseID, StudentID) VALUES (52, 1, 9);
INSERT INTO Grades (Grade, CourseID, StudentID) VALUES (99, 1, 21);
INSERT INTO Grades (Grade, CourseID, StudentID) VALUES (71, 1, 1);
INSERT INTO Grades (Grade, CourseID, StudentID) VALUES (86, 1, 117);
INSERT INTO Grades (Grade, CourseID, StudentID) VALUES (90, 1, 160);
INSERT INTO Grades (Grade, CourseID, StudentID) VALUES (57, 1, 144);
INSERT INTO Grades (Grade, CourseID, StudentID) VALUES (75, 1, 19);
INSERT INTO Grades (Grade, CourseID, StudentID) VALUES (85, 2, 165);
INSERT INTO Grades (Grade, CourseID, StudentID) VALUES (78, 3, 121);
INSERT INTO Grades (Grade, CourseID, StudentID) VALUES (82, 3, 94);
INSERT INTO Grades (Grade, CourseID, StudentID) VALUES (50, 3, 56);
INSERT INTO Grades (Grade, CourseID, StudentID) VALUES (69, 3, 70);
INSERT INTO Grades (Grade, CourseID, StudentID) VALUES (63, 3, 41);
INSERT INTO Grades (Grade, CourseID, StudentID) VALUES (95, 3, 103);
INSERT INTO Grades (Grade, CourseID, StudentID) VALUES (84, 3, 137);
INSERT INTO Grades (Grade, CourseID, StudentID) VALUES (87, 3, 150);
INSERT INTO Grades (Grade, CourseID, StudentID) VALUES (53, 3, 29);
INSERT INTO Grades (Grade, CourseID, StudentID) VALUES (99, 3, 144);
INSERT INTO Grades (Grade, CourseID, StudentID) VALUES (80, 3, 24);
INSERT INTO Grades (Grade, CourseID, StudentID) VALUES (85, 3, 66);
INSERT INTO Grades (Grade, CourseID, StudentID) VALUES (55, 3, 38);
INSERT INTO Grades (Grade, CourseID, StudentID) VALUES (53, 3, 169);
INSERT INTO Grades (Grade, CourseID, StudentID) VALUES (83, 3, 37);
INSERT INTO Grades (Grade, CourseID, StudentID) VALUES (81, 4, 140);
INSERT INTO Grades (Grade, CourseID, StudentID) VALUES (66, 4, 10);
INSERT INTO Grades (Grade, CourseID, StudentID) VALUES (89, 4, 59);
INSERT INTO Grades (Grade, CourseID, StudentID) VALUES (89, 4, 93);
INSERT INTO Grades (Grade, CourseID, StudentID) VALUES (70, 4, 8);
INSERT INTO Grades (Grade, CourseID, StudentID) VALUES (65, 4, 122);
INSERT INTO Grades (Grade, CourseID, StudentID) VALUES (84, 4, 117);
INSERT INTO Grades (Grade, CourseID, StudentID) VALUES (87, 4, 105);
INSERT INTO Grades (Grade, CourseID, StudentID) VALUES (58, 4, 197);
INSERT INTO Grades (Grade, CourseID, StudentID) VALUES (86, 5, 49);
INSERT INTO Grades (Grade, CourseID, StudentID) VALUES (70, 5, 51);
INSERT INTO Grades (Grade, CourseID, StudentID) VALUES (86, 5, 160);
INSERT INTO Grades (Grade, CourseID, StudentID) VALUES (71, 5, 122);
INSERT INTO Grades (Grade, CourseID, StudentID) VALUES (65, 5, 118);
INSERT INTO Grades (Grade, CourseID, StudentID) VALUES (53, 5, 103);
INSERT INTO Grades (Grade, CourseID, StudentID) VALUES (58, 5, 65);
INSERT INTO Grades (Grade, CourseID, StudentID) VALUES (72, 5, 142);
INSERT INTO Grades (Grade, CourseID, StudentID) VALUES (68, 5, 36);
INSERT INTO Grades (Grade, CourseID, StudentID) VALUES (60, 5, 53);
INSERT INTO Grades (Grade, CourseID, StudentID) VALUES (64, 5, 24);
INSERT INTO Grades (Grade, CourseID, StudentID) VALUES (89, 5, 2);
INSERT INTO Grades (Grade, CourseID, StudentID) VALUES (92, 6, 49);
INSERT INTO Grades (Grade, CourseID, StudentID) VALUES (65, 6, 187);
INSERT INTO Grades (Grade, CourseID, StudentID) VALUES (94, 6, 135);
INSERT INTO Grades (Grade, CourseID, StudentID) VALUES (95, 6, 30);
INSERT INTO Grades (Grade, CourseID, StudentID) VALUES (99, 6, 184);
INSERT INTO Grades (Grade, CourseID, StudentID) VALUES (70, 6, 68);
INSERT INTO Grades (Grade, CourseID, StudentID) VALUES (71, 6, 137);
INSERT INTO Grades (Grade, CourseID, StudentID) VALUES (75, 6, 166);
INSERT INTO Grades (Grade, CourseID, StudentID) VALUES (76, 6, 61);
INSERT INTO Grades (Grade, CourseID, StudentID) VALUES (83, 6, 167);
INSERT INTO Grades (Grade, CourseID, StudentID) VALUES (85, 7, 125);
INSERT INTO Grades (Grade, CourseID, StudentID) VALUES (50, 7, 174);
INSERT INTO Grades (Grade, CourseID, StudentID) VALUES (98, 7, 57);
INSERT INTO Grades (Grade, CourseID, StudentID) VALUES (91, 8, 81);
INSERT INTO Grades (Grade, CourseID, StudentID) VALUES (80, 8, 57);
INSERT INTO Grades (Grade, CourseID, StudentID) VALUES (91, 8, 83);
INSERT INTO Grades (Grade, CourseID, StudentID) VALUES (77, 8, 74);
INSERT INTO Grades (Grade, CourseID, StudentID) VALUES (62, 8, 125);
INSERT INTO Grades (Grade, CourseID, StudentID) VALUES (50, 9, 111);
INSERT INTO Grades (Grade, CourseID, StudentID) VALUES (70, 9, 18);
INSERT INTO Grades (Grade, CourseID, StudentID) VALUES (65, 9, 169);
INSERT INTO Grades (Grade, CourseID, StudentID) VALUES (100, 9, 121);
INSERT INTO Grades (Grade, CourseID, StudentID) VALUES (87, 9, 145);
INSERT INTO Grades (Grade, CourseID, StudentID) VALUES (75, 10, 157);
INSERT INTO Grades (Grade, CourseID, StudentID) VALUES (70, 10, 121);
INSERT INTO Grades (Grade, CourseID, StudentID) VALUES (56, 10, 172);
INSERT INTO Grades (Grade, CourseID, StudentID) VALUES (91, 10, 120);
INSERT INTO Grades (Grade, CourseID, StudentID) VALUES (82, 11, 57);
INSERT INTO Grades (Grade, CourseID, StudentID) VALUES (95, 11, 127);
INSERT INTO Grades (Grade, CourseID, StudentID) VALUES (53, 11, 118);
INSERT INTO Grades (Grade, CourseID, StudentID) VALUES (83, 11, 87);
INSERT INTO Grades (Grade, CourseID, StudentID) VALUES (79, 11, 114);
INSERT INTO Grades (Grade, CourseID, StudentID) VALUES (69, 11, 189);
INSERT INTO Grades (Grade, CourseID, StudentID) VALUES (57, 11, 194);
INSERT INTO Grades (Grade, CourseID, StudentID) VALUES (95, 11, 91);
INSERT INTO Grades (Grade, CourseID, StudentID) VALUES (99, 11, 104);
INSERT INTO Grades (Grade, CourseID, StudentID) VALUES (57, 11, 21);
INSERT INTO Grades (Grade, CourseID, StudentID) VALUES (62, 11, 113);
INSERT INTO Grades (Grade, CourseID, StudentID) VALUES (72, 11, 48);
INSERT INTO Grades (Grade, CourseID, StudentID) VALUES (77, 11, 51);
INSERT INTO Grades (Grade, CourseID, StudentID) VALUES (97, 11, 181);
INSERT INTO Grades (Grade, CourseID, StudentID) VALUES (63, 11, 169);
INSERT INTO Grades (Grade, CourseID, StudentID) VALUES (62, 11, 164);
INSERT INTO Grades (Grade, CourseID, StudentID) VALUES (70, 11, 42);
INSERT INTO Grades (Grade, CourseID, StudentID) VALUES (66, 11, 31);
INSERT INTO Grades (Grade, CourseID, StudentID) VALUES (93, 11, 139);
INSERT INTO Grades (Grade, CourseID, StudentID) VALUES (67, 11, 86);
INSERT INTO Grades (Grade, CourseID, StudentID) VALUES (56, 12, 118);
INSERT INTO Grades (Grade, CourseID, StudentID) VALUES (92, 12, 103);
INSERT INTO Grades (Grade, CourseID, StudentID) VALUES (65, 12, 199);
INSERT INTO Grades (Grade, CourseID, StudentID) VALUES (91, 12, 159);
INSERT INTO Grades (Grade, CourseID, StudentID) VALUES (94, 12, 64);
INSERT INTO Grades (Grade, CourseID, StudentID) VALUES (81, 12, 170);
INSERT INTO Grades (Grade, CourseID, StudentID) VALUES (82, 12, 48);
INSERT INTO Grades (Grade, CourseID, StudentID) VALUES (92, 12, 185);
INSERT INTO Grades (Grade, CourseID, StudentID) VALUES (90, 12, 82);
INSERT INTO Grades (Grade, CourseID, StudentID) VALUES (59, 12, 83);
INSERT INTO Grades (Grade, CourseID, StudentID) VALUES (64, 12, 69);
INSERT INTO Grades (Grade, CourseID, StudentID) VALUES (98, 12, 171);
INSERT INTO Grades (Grade, CourseID, StudentID) VALUES (83, 12, 128);
INSERT INTO Grades (Grade, CourseID, StudentID) VALUES (79, 13, 52);
INSERT INTO Grades (Grade, CourseID, StudentID) VALUES (99, 13, 120);
INSERT INTO Grades (Grade, CourseID, StudentID) VALUES (81, 13, 7);
INSERT INTO Grades (Grade, CourseID, StudentID) VALUES (99, 13, 100);
INSERT INTO Grades (Grade, CourseID, StudentID) VALUES (70, 13, 3);
INSERT INTO Grades (Grade, CourseID, StudentID) VALUES (60, 14, 184);
INSERT INTO Grades (Grade, CourseID, StudentID) VALUES (64, 14, 107);
INSERT INTO Grades (Grade, CourseID, StudentID) VALUES (94, 14, 200);
INSERT INTO Grades (Grade, CourseID, StudentID) VALUES (91, 14, 164);
INSERT INTO Grades (Grade, CourseID, StudentID) VALUES (65, 14, 31);
INSERT INTO Grades (Grade, CourseID, StudentID) VALUES (61, 14, 89);
INSERT INTO Grades (Grade, CourseID, StudentID) VALUES (75, 14, 12);
INSERT INTO Grades (Grade, CourseID, StudentID) VALUES (78, 14, 26);
INSERT INTO Grades (Grade, CourseID, StudentID) VALUES (57, 14, 61);
INSERT INTO Grades (Grade, CourseID, StudentID) VALUES (84, 14, 63);
INSERT INTO Grades (Grade, CourseID, StudentID) VALUES (74, 14, 131);
INSERT INTO Grades (Grade, CourseID, StudentID) VALUES (99, 15, 12);
INSERT INTO Grades (Grade, CourseID, StudentID) VALUES (67, 15, 161);
INSERT INTO Grades (Grade, CourseID, StudentID) VALUES (69, 16, 152);
INSERT INTO Grades (Grade, CourseID, StudentID) VALUES (50, 16, 2);
INSERT INTO Grades (Grade, CourseID, StudentID) VALUES (60, 16, 86);
INSERT INTO Grades (Grade, CourseID, StudentID) VALUES (63, 16, 131);
INSERT INTO Grades (Grade, CourseID, StudentID) VALUES (98, 16, 12);
INSERT INTO Grades (Grade, CourseID, StudentID) VALUES (52, 16, 48);
INSERT INTO Grades (Grade, CourseID, StudentID) VALUES (61, 16, 99);
INSERT INTO Grades (Grade, CourseID, StudentID) VALUES (75, 16, 61);
INSERT INTO Grades (Grade, CourseID, StudentID) VALUES (80, 16, 19);
INSERT INTO Grades (Grade, CourseID, StudentID) VALUES (77, 16, 163);
INSERT INTO Grades (Grade, CourseID, StudentID) VALUES (53, 16, 130);
INSERT INTO Grades (Grade, CourseID, StudentID) VALUES (62, 16, 56);
INSERT INTO Grades (Grade, CourseID, StudentID) VALUES (90, 16, 156);
INSERT INTO Grades (Grade, CourseID, StudentID) VALUES (63, 17, 22);
INSERT INTO Grades (Grade, CourseID, StudentID) VALUES (56, 17, 107);
INSERT INTO Grades (Grade, CourseID, StudentID) VALUES (96, 17, 39);
INSERT INTO Grades (Grade, CourseID, StudentID) VALUES (51, 17, 65);
INSERT INTO Grades (Grade, CourseID, StudentID) VALUES (58, 17, 147);
INSERT INTO Grades (Grade, CourseID, StudentID) VALUES (58, 17, 41);
INSERT INTO Grades (Grade, CourseID, StudentID) VALUES (80, 18, 76);
INSERT INTO Grades (Grade, CourseID, StudentID) VALUES (68, 18, 167);
INSERT INTO Grades (Grade, CourseID, StudentID) VALUES (88, 18, 42);
INSERT INTO Grades (Grade, CourseID, StudentID) VALUES (62, 18, 172);
INSERT INTO Grades (Grade, CourseID, StudentID) VALUES (62, 18, 174);
INSERT INTO Grades (Grade, CourseID, StudentID) VALUES (63, 18, 112);
INSERT INTO Grades (Grade, CourseID, StudentID) VALUES (93, 18, 175);
INSERT INTO Grades (Grade, CourseID, StudentID) VALUES (63, 18, 161);
INSERT INTO Grades (Grade, CourseID, StudentID) VALUES (66, 18, 137);
INSERT INTO Grades (Grade, CourseID, StudentID) VALUES (86, 18, 104);
INSERT INTO Grades (Grade, CourseID, StudentID) VALUES (54, 18, 171);
INSERT INTO Grades (Grade, CourseID, StudentID) VALUES (99, 18, 111);
INSERT INTO Grades (Grade, CourseID, StudentID) VALUES (52, 18, 128);
INSERT INTO Grades (Grade, CourseID, StudentID) VALUES (81, 18, 182);
INSERT INTO Grades (Grade, CourseID, StudentID) VALUES (95, 18, 75);
INSERT INTO Grades (Grade, CourseID, StudentID) VALUES (53, 19, 27);
INSERT INTO Grades (Grade, CourseID, StudentID) VALUES (90, 19, 121);
INSERT INTO Grades (Grade, CourseID, StudentID) VALUES (93, 19, 170);
INSERT INTO Grades (Grade, CourseID, StudentID) VALUES (82, 19, 119);
INSERT INTO Grades (Grade, CourseID, StudentID) VALUES (73, 19, 14);
INSERT INTO Grades (Grade, CourseID, StudentID) VALUES (85, 19, 135);
INSERT INTO Grades (Grade, CourseID, StudentID) VALUES (66, 19, 88);
INSERT INTO Grades (Grade, CourseID, StudentID) VALUES (94, 20, 33);
INSERT INTO Grades (Grade, CourseID, StudentID) VALUES (88, 20, 162);
INSERT INTO Grades (Grade, CourseID, StudentID) VALUES (90, 20, 96);
INSERT INTO Grades (Grade, CourseID, StudentID) VALUES (86, 20, 32);
INSERT INTO Grades (Grade, CourseID, StudentID) VALUES (91, 20, 61);
INSERT INTO Grades (Grade, CourseID, StudentID) VALUES (60, 20, 70);
INSERT INTO Grades (Grade, CourseID, StudentID) VALUES (63, 20, 93);
INSERT INTO Grades (Grade, CourseID, StudentID) VALUES (76, 20, 138);
INSERT INTO Grades (Grade, CourseID, StudentID) VALUES (53, 21, 69);
INSERT INTO Grades (Grade, CourseID, StudentID) VALUES (57, 21, 119);
INSERT INTO Grades (Grade, CourseID, StudentID) VALUES (80, 21, 196);
INSERT INTO Grades (Grade, CourseID, StudentID) VALUES (88, 21, 48);
INSERT INTO Grades (Grade, CourseID, StudentID) VALUES (70, 21, 39);
INSERT INTO Grades (Grade, CourseID, StudentID) VALUES (90, 21, 144);
INSERT INTO Grades (Grade, CourseID, StudentID) VALUES (79, 21, 19);
INSERT INTO Grades (Grade, CourseID, StudentID) VALUES (51, 22, 76);
INSERT INTO Grades (Grade, CourseID, StudentID) VALUES (91, 22, 123);
INSERT INTO Grades (Grade, CourseID, StudentID) VALUES (83, 22, 9);
INSERT INTO Grades (Grade, CourseID, StudentID) VALUES (95, 22, 93);
INSERT INTO Grades (Grade, CourseID, StudentID) VALUES (61, 22, 5);
INSERT INTO Grades (Grade, CourseID, StudentID) VALUES (96, 22, 148);
INSERT INTO Grades (Grade, CourseID, StudentID) VALUES (85, 22, 49);
INSERT INTO Grades (Grade, CourseID, StudentID) VALUES (94, 22, 2);
INSERT INTO Grades (Grade, CourseID, StudentID) VALUES (89, 22, 100);
INSERT INTO Grades (Grade, CourseID, StudentID) VALUES (99, 22, 38);
INSERT INTO Grades (Grade, CourseID, StudentID) VALUES (63, 22, 182);
INSERT INTO Grades (Grade, CourseID, StudentID) VALUES (86, 23, 182);
INSERT INTO Grades (Grade, CourseID, StudentID) VALUES (96, 23, 193);
INSERT INTO Grades (Grade, CourseID, StudentID) VALUES (59, 23, 48);
INSERT INTO Grades (Grade, CourseID, StudentID) VALUES (54, 23, 21);
INSERT INTO Grades (Grade, CourseID, StudentID) VALUES (69, 23, 18);
INSERT INTO Grades (Grade, CourseID, StudentID) VALUES (98, 23, 46);
INSERT INTO Grades (Grade, CourseID, StudentID) VALUES (90, 23, 22);
INSERT INTO Grades (Grade, CourseID, StudentID) VALUES (72, 23, 198);
INSERT INTO Grades (Grade, CourseID, StudentID) VALUES (76, 23, 97);
INSERT INTO Grades (Grade, CourseID, StudentID) VALUES (88, 23, 158);
INSERT INTO Grades (Grade, CourseID, StudentID) VALUES (96, 23, 174);
INSERT INTO Grades (Grade, CourseID, StudentID) VALUES (86, 23, 119);
INSERT INTO Grades (Grade, CourseID, StudentID) VALUES (100, 23, 59);
INSERT INTO Grades (Grade, CourseID, StudentID) VALUES (88, 23, 66);
INSERT INTO Grades (Grade, CourseID, StudentID) VALUES (65, 23, 92);
INSERT INTO Grades (Grade, CourseID, StudentID) VALUES (61, 23, 121);
INSERT INTO Grades (Grade, CourseID, StudentID) VALUES (94, 23, 177);
INSERT INTO Grades (Grade, CourseID, StudentID) VALUES (59, 24, 175);
INSERT INTO Grades (Grade, CourseID, StudentID) VALUES (79, 24, 192);
INSERT INTO Grades (Grade, CourseID, StudentID) VALUES (74, 24, 157);
INSERT INTO Grades (Grade, CourseID, StudentID) VALUES (67, 24, 58);
INSERT INTO Grades (Grade, CourseID, StudentID) VALUES (83, 24, 122);
INSERT INTO Grades (Grade, CourseID, StudentID) VALUES (80, 24, 26);
INSERT INTO Grades (Grade, CourseID, StudentID) VALUES (51, 24, 21);
INSERT INTO Grades (Grade, CourseID, StudentID) VALUES (77, 24, 63);
INSERT INTO Grades (Grade, CourseID, StudentID) VALUES (57, 24, 67);
INSERT INTO Grades (Grade, CourseID, StudentID) VALUES (83, 24, 152);
INSERT INTO Grades (Grade, CourseID, StudentID) VALUES (82, 24, 1);
INSERT INTO Grades (Grade, CourseID, StudentID) VALUES (98, 24, 81);
INSERT INTO Grades (Grade, CourseID, StudentID) VALUES (100, 24, 38);
INSERT INTO Grades (Grade, CourseID, StudentID) VALUES (54, 24, 154);
INSERT INTO Grades (Grade, CourseID, StudentID) VALUES (54, 24, 166);
INSERT INTO Grades (Grade, CourseID, StudentID) VALUES (56, 24, 86);
INSERT INTO Grades (Grade, CourseID, StudentID) VALUES (88, 25, 145);
INSERT INTO Grades (Grade, CourseID, StudentID) VALUES (97, 25, 178);
INSERT INTO Grades (Grade, CourseID, StudentID) VALUES (74, 25, 19);
INSERT INTO Grades (Grade, CourseID, StudentID) VALUES (97, 25, 22);
INSERT INTO Grades (Grade, CourseID, StudentID) VALUES (98, 25, 142);
INSERT INTO Grades (Grade, CourseID, StudentID) VALUES (56, 25, 43);
INSERT INTO Grades (Grade, CourseID, StudentID) VALUES (58, 25, 99);
INSERT INTO Grades (Grade, CourseID, StudentID) VALUES (90, 25, 30);
INSERT INTO Grades (Grade, CourseID, StudentID) VALUES (69, 25, 54);
INSERT INTO Grades (Grade, CourseID, StudentID) VALUES (69, 26, 86);
INSERT INTO Grades (Grade, CourseID, StudentID) VALUES (87, 26, 188);
INSERT INTO Grades (Grade, CourseID, StudentID) VALUES (91, 26, 11);
INSERT INTO Grades (Grade, CourseID, StudentID) VALUES (57, 26, 135);
INSERT INTO Grades (Grade, CourseID, StudentID) VALUES (86, 26, 118);
INSERT INTO Grades (Grade, CourseID, StudentID) VALUES (50, 26, 107);
INSERT INTO Grades (Grade, CourseID, StudentID) VALUES (79, 26, 155);
INSERT INTO Grades (Grade, CourseID, StudentID) VALUES (70, 26, 185);
INSERT INTO Grades (Grade, CourseID, StudentID) VALUES (66, 26, 154);
INSERT INTO Grades (Grade, CourseID, StudentID) VALUES (69, 26, 194);
INSERT INTO Grades (Grade, CourseID, StudentID) VALUES (88, 26, 94);
INSERT INTO Grades (Grade, CourseID, StudentID) VALUES (62, 26, 178);
INSERT INTO Grades (Grade, CourseID, StudentID) VALUES (71, 26, 106);
INSERT INTO Grades (Grade, CourseID, StudentID) VALUES (73, 26, 96);
INSERT INTO Grades (Grade, CourseID, StudentID) VALUES (55, 27, 92);
INSERT INTO Grades (Grade, CourseID, StudentID) VALUES (78, 27, 148);
INSERT INTO Grades (Grade, CourseID, StudentID) VALUES (55, 27, 81);
INSERT INTO Grades (Grade, CourseID, StudentID) VALUES (52, 27, 55);
INSERT INTO Grades (Grade, CourseID, StudentID) VALUES (60, 27, 121);
INSERT INTO Grades (Grade, CourseID, StudentID) VALUES (58, 28, 130);
INSERT INTO Grades (Grade, CourseID, StudentID) VALUES (68, 28, 26);
INSERT INTO Grades (Grade, CourseID, StudentID) VALUES (93, 28, 192);
INSERT INTO Grades (Grade, CourseID, StudentID) VALUES (50, 28, 153);
INSERT INTO Grades (Grade, CourseID, StudentID) VALUES (89, 28, 44);
INSERT INTO Grades (Grade, CourseID, StudentID) VALUES (88, 28, 75);
INSERT INTO Grades (Grade, CourseID, StudentID) VALUES (78, 28, 146);
INSERT INTO Grades (Grade, CourseID, StudentID) VALUES (78, 28, 46);
INSERT INTO Grades (Grade, CourseID, StudentID) VALUES (90, 28, 167);
INSERT INTO Grades (Grade, CourseID, StudentID) VALUES (99, 28, 139);
INSERT INTO Grades (Grade, CourseID, StudentID) VALUES (67, 28, 125);
INSERT INTO Grades (Grade, CourseID, StudentID) VALUES (76, 29, 54);
INSERT INTO Grades (Grade, CourseID, StudentID) VALUES (100, 29, 152);
INSERT INTO Grades (Grade, CourseID, StudentID) VALUES (56, 29, 98);
INSERT INTO Grades (Grade, CourseID, StudentID) VALUES (78, 29, 165);
INSERT INTO Grades (Grade, CourseID, StudentID) VALUES (54, 29, 181);
INSERT INTO Grades (Grade, CourseID, StudentID) VALUES (99, 29, 21);
INSERT INTO Grades (Grade, CourseID, StudentID) VALUES (72, 29, 23);
INSERT INTO Grades (Grade, CourseID, StudentID) VALUES (77, 29, 171);
INSERT INTO Grades (Grade, CourseID, StudentID) VALUES (76, 29, 25);
INSERT INTO Grades (Grade, CourseID, StudentID) VALUES (84, 29, 20);
INSERT INTO Grades (Grade, CourseID, StudentID) VALUES (72, 29, 94);
INSERT INTO Grades (Grade, CourseID, StudentID) VALUES (64, 29, 82);
INSERT INTO Grades (Grade, CourseID, StudentID) VALUES (79, 29, 156);
INSERT INTO Grades (Grade, CourseID, StudentID) VALUES (85, 29, 116);
INSERT INTO Grades (Grade, CourseID, StudentID) VALUES (84, 29, 62);
INSERT INTO Grades (Grade, CourseID, StudentID) VALUES (58, 29, 45);
INSERT INTO Grades (Grade, CourseID, StudentID) VALUES (95, 29, 90);
INSERT INTO Grades (Grade, CourseID, StudentID) VALUES (98, 29, 160);
INSERT INTO Grades (Grade, CourseID, StudentID) VALUES (81, 30, 26);
INSERT INTO Grades (Grade, CourseID, StudentID) VALUES (82, 30, 95);
INSERT INTO Grades (Grade, CourseID, StudentID) VALUES (56, 30, 36);
INSERT INTO Grades (Grade, CourseID, StudentID) VALUES (82, 30, 9);
INSERT INTO Grades (Grade, CourseID, StudentID) VALUES (85, 30, 127);
INSERT INTO Grades (Grade, CourseID, StudentID) VALUES (99, 31, 150);
INSERT INTO Grades (Grade, CourseID, StudentID) VALUES (95, 31, 17);
INSERT INTO Grades (Grade, CourseID, StudentID) VALUES (69, 31, 117);
INSERT INTO Grades (Grade, CourseID, StudentID) VALUES (91, 31, 196);
INSERT INTO Grades (Grade, CourseID, StudentID) VALUES (77, 31, 198);
INSERT INTO Grades (Grade, CourseID, StudentID) VALUES (91, 31, 148);
INSERT INTO Grades (Grade, CourseID, StudentID) VALUES (56, 31, 43);
INSERT INTO Grades (Grade, CourseID, StudentID) VALUES (74, 31, 90);
INSERT INTO Grades (Grade, CourseID, StudentID) VALUES (52, 31, 40);
INSERT INTO Grades (Grade, CourseID, StudentID) VALUES (80, 31, 167);
INSERT INTO Grades (Grade, CourseID, StudentID) VALUES (67, 31, 46);
INSERT INTO Grades (Grade, CourseID, StudentID) VALUES (74, 31, 75);
INSERT INTO Grades (Grade, CourseID, StudentID) VALUES (50, 31, 96);
INSERT INTO Grades (Grade, CourseID, StudentID) VALUES (89, 32, 124);
INSERT INTO Grades (Grade, CourseID, StudentID) VALUES (63, 32, 15);
INSERT INTO Grades (Grade, CourseID, StudentID) VALUES (84, 32, 16);
INSERT INTO Grades (Grade, CourseID, StudentID) VALUES (80, 32, 34);
INSERT INTO Grades (Grade, CourseID, StudentID) VALUES (97, 32, 168);
INSERT INTO Grades (Grade, CourseID, StudentID) VALUES (84, 32, 120);
INSERT INTO Grades (Grade, CourseID, StudentID) VALUES (63, 32, 180);
INSERT INTO Grades (Grade, CourseID, StudentID) VALUES (64, 32, 169);
INSERT INTO Grades (Grade, CourseID, StudentID) VALUES (67, 32, 46);
INSERT INTO Grades (Grade, CourseID, StudentID) VALUES (98, 32, 59);
INSERT INTO Grades (Grade, CourseID, StudentID) VALUES (59, 32, 178);
INSERT INTO Grades (Grade, CourseID, StudentID) VALUES (100, 33, 135);
INSERT INTO Grades (Grade, CourseID, StudentID) VALUES (94, 33, 137);
INSERT INTO Grades (Grade, CourseID, StudentID) VALUES (83, 33, 111);
INSERT INTO Grades (Grade, CourseID, StudentID) VALUES (84, 33, 96);
INSERT INTO Grades (Grade, CourseID, StudentID) VALUES (72, 33, 172);
INSERT INTO Grades (Grade, CourseID, StudentID) VALUES (85, 33, 113);
INSERT INTO Grades (Grade, CourseID, StudentID) VALUES (63, 34, 138);
INSERT INTO Grades (Grade, CourseID, StudentID) VALUES (51, 34, 112);
INSERT INTO Grades (Grade, CourseID, StudentID) VALUES (65, 34, 95);
INSERT INTO Grades (Grade, CourseID, StudentID) VALUES (91, 34, 109);
INSERT INTO Grades (Grade, CourseID, StudentID) VALUES (68, 34, 48);
INSERT INTO Grades (Grade, CourseID, StudentID) VALUES (81, 34, 16);
INSERT INTO Grades (Grade, CourseID, StudentID) VALUES (68, 34, 195);
INSERT INTO Grades (Grade, CourseID, StudentID) VALUES (52, 35, 62);
INSERT INTO Grades (Grade, CourseID, StudentID) VALUES (61, 35, 130);
INSERT INTO Grades (Grade, CourseID, StudentID) VALUES (99, 35, 81);
INSERT INTO Grades (Grade, CourseID, StudentID) VALUES (86, 35, 195);
INSERT INTO Grades (Grade, CourseID, StudentID) VALUES (75, 35, 155);
INSERT INTO Grades (Grade, CourseID, StudentID) VALUES (64, 35, 33);
INSERT INTO Grades (Grade, CourseID, StudentID) VALUES (62, 35, 29);
INSERT INTO Grades (Grade, CourseID, StudentID) VALUES (83, 35, 87);
INSERT INTO Grades (Grade, CourseID, StudentID) VALUES (75, 35, 140);
INSERT INTO Grades (Grade, CourseID, StudentID) VALUES (67, 35, 122);
INSERT INTO Grades (Grade, CourseID, StudentID) VALUES (86, 35, 71);
INSERT INTO Grades (Grade, CourseID, StudentID) VALUES (80, 35, 134);
INSERT INTO Grades (Grade, CourseID, StudentID) VALUES (74, 35, 34);
INSERT INTO Grades (Grade, CourseID, StudentID) VALUES (60, 36, 40);
INSERT INTO Grades (Grade, CourseID, StudentID) VALUES (97, 36, 70);
INSERT INTO Grades (Grade, CourseID, StudentID) VALUES (68, 36, 163);
INSERT INTO Grades (Grade, CourseID, StudentID) VALUES (99, 36, 19);
INSERT INTO Grades (Grade, CourseID, StudentID) VALUES (56, 36, 1);
INSERT INTO Grades (Grade, CourseID, StudentID) VALUES (86, 36, 81);
INSERT INTO Grades (Grade, CourseID, StudentID) VALUES (81, 36, 89);
INSERT INTO Grades (Grade, CourseID, StudentID) VALUES (96, 36, 8);
INSERT INTO Grades (Grade, CourseID, StudentID) VALUES (90, 36, 100);
INSERT INTO Grades (Grade, CourseID, StudentID) VALUES (69, 36, 102);
INSERT INTO Grades (Grade, CourseID, StudentID) VALUES (70, 36, 12);
INSERT INTO Grades (Grade, CourseID, StudentID) VALUES (90, 36, 39);
INSERT INTO Grades (Grade, CourseID, StudentID) VALUES (56, 36, 25);
INSERT INTO Grades (Grade, CourseID, StudentID) VALUES (82, 37, 81);
INSERT INTO Grades (Grade, CourseID, StudentID) VALUES (97, 37, 4);
INSERT INTO Grades (Grade, CourseID, StudentID) VALUES (99, 38, 111);
INSERT INTO Grades (Grade, CourseID, StudentID) VALUES (98, 38, 151);
INSERT INTO Grades (Grade, CourseID, StudentID) VALUES (97, 39, 97);
INSERT INTO Grades (Grade, CourseID, StudentID) VALUES (74, 39, 11);
INSERT INTO Grades (Grade, CourseID, StudentID) VALUES (98, 39, 68);
INSERT INTO Grades (Grade, CourseID, StudentID) VALUES (79, 39, 7);
INSERT INTO Grades (Grade, CourseID, StudentID) VALUES (69, 39, 155);
INSERT INTO Grades (Grade, CourseID, StudentID) VALUES (52, 39, 124);
INSERT INTO Grades (Grade, CourseID, StudentID) VALUES (58, 40, 152);
INSERT INTO Grades (Grade, CourseID, StudentID) VALUES (50, 40, 14);
INSERT INTO Grades (Grade, CourseID, StudentID) VALUES (90, 40, 168);
INSERT INTO Grades (Grade, CourseID, StudentID) VALUES (56, 40, 157);
INSERT INTO Grades (Grade, CourseID, StudentID) VALUES (61, 40, 112);
INSERT INTO Grades (Grade, CourseID, StudentID) VALUES (97, 40, 97);
INSERT INTO Grades (Grade, CourseID, StudentID) VALUES (75, 40, 80);
INSERT INTO Grades (Grade, CourseID, StudentID) VALUES (92, 40, 70);
INSERT INTO Grades (Grade, CourseID, StudentID) VALUES (72, 40, 72);
INSERT INTO Grades (Grade, CourseID, StudentID) VALUES (64, 40, 56);
INSERT INTO Grades (Grade, CourseID, StudentID) VALUES (97, 41, 160);
INSERT INTO Grades (Grade, CourseID, StudentID) VALUES (51, 41, 149);
INSERT INTO Grades (Grade, CourseID, StudentID) VALUES (97, 41, 66);
INSERT INTO Grades (Grade, CourseID, StudentID) VALUES (92, 41, 63);
INSERT INTO Grades (Grade, CourseID, StudentID) VALUES (92, 41, 131);
INSERT INTO Grades (Grade, CourseID, StudentID) VALUES (94, 41, 27);
INSERT INTO Grades (Grade, CourseID, StudentID) VALUES (97, 41, 22);
INSERT INTO Grades (Grade, CourseID, StudentID) VALUES (57, 41, 102);
INSERT INTO Grades (Grade, CourseID, StudentID) VALUES (72, 42, 57);
INSERT INTO Grades (Grade, CourseID, StudentID) VALUES (69, 42, 78);
INSERT INTO Grades (Grade, CourseID, StudentID) VALUES (52, 42, 70);
INSERT INTO Grades (Grade, CourseID, StudentID) VALUES (82, 42, 155);
INSERT INTO Grades (Grade, CourseID, StudentID) VALUES (93, 42, 140);
INSERT INTO Grades (Grade, CourseID, StudentID) VALUES (58, 42, 174);
INSERT INTO Grades (Grade, CourseID, StudentID) VALUES (78, 42, 37);
INSERT INTO Grades (Grade, CourseID, StudentID) VALUES (76, 42, 163);
INSERT INTO Grades (Grade, CourseID, StudentID) VALUES (95, 42, 166);
INSERT INTO Grades (Grade, CourseID, StudentID) VALUES (57, 42, 177);
INSERT INTO Grades (Grade, CourseID, StudentID) VALUES (66, 42, 11);
INSERT INTO Grades (Grade, CourseID, StudentID) VALUES (80, 42, 90);
INSERT INTO Grades (Grade, CourseID, StudentID) VALUES (85, 42, 69);
INSERT INTO Grades (Grade, CourseID, StudentID) VALUES (67, 42, 72);
INSERT INTO Grades (Grade, CourseID, StudentID) VALUES (89, 42, 129);
INSERT INTO Grades (Grade, CourseID, StudentID) VALUES (74, 42, 9);
INSERT INTO Grades (Grade, CourseID, StudentID) VALUES (62, 43, 130);
INSERT INTO Grades (Grade, CourseID, StudentID) VALUES (65, 43, 135);
INSERT INTO Grades (Grade, CourseID, StudentID) VALUES (80, 43, 184);
INSERT INTO Grades (Grade, CourseID, StudentID) VALUES (98, 43, 32);
INSERT INTO Grades (Grade, CourseID, StudentID) VALUES (78, 43, 151);
INSERT INTO Grades (Grade, CourseID, StudentID) VALUES (92, 43, 183);
INSERT INTO Grades (Grade, CourseID, StudentID) VALUES (79, 43, 2);
INSERT INTO Grades (Grade, CourseID, StudentID) VALUES (98, 43, 178);
INSERT INTO Grades (Grade, CourseID, StudentID) VALUES (62, 43, 6);
INSERT INTO Grades (Grade, CourseID, StudentID) VALUES (65, 43, 121);
INSERT INTO Grades (Grade, CourseID, StudentID) VALUES (67, 43, 73);
INSERT INTO Grades (Grade, CourseID, StudentID) VALUES (66, 43, 128);
INSERT INTO Grades (Grade, CourseID, StudentID) VALUES (76, 43, 150);
INSERT INTO Grades (Grade, CourseID, StudentID) VALUES (82, 43, 56);
INSERT INTO Grades (Grade, CourseID, StudentID) VALUES (95, 43, 187);
INSERT INTO Grades (Grade, CourseID, StudentID) VALUES (67, 43, 79);
INSERT INTO Grades (Grade, CourseID, StudentID) VALUES (82, 43, 1);
INSERT INTO Grades (Grade, CourseID, StudentID) VALUES (92, 43, 50);
INSERT INTO Grades (Grade, CourseID, StudentID) VALUES (70, 43, 108);
INSERT INTO Grades (Grade, CourseID, StudentID) VALUES (51, 44, 60);
INSERT INTO Grades (Grade, CourseID, StudentID) VALUES (61, 44, 199);
INSERT INTO Grades (Grade, CourseID, StudentID) VALUES (85, 44, 167);
INSERT INTO Grades (Grade, CourseID, StudentID) VALUES (56, 45, 89);
INSERT INTO Grades (Grade, CourseID, StudentID) VALUES (89, 45, 144);
INSERT INTO Grades (Grade, CourseID, StudentID) VALUES (66, 45, 36);
INSERT INTO Grades (Grade, CourseID, StudentID) VALUES (77, 45, 56);
INSERT INTO Grades (Grade, CourseID, StudentID) VALUES (54, 45, 53);
INSERT INTO Grades (Grade, CourseID, StudentID) VALUES (95, 45, 88);
INSERT INTO Grades (Grade, CourseID, StudentID) VALUES (63, 45, 196);
INSERT INTO Grades (Grade, CourseID, StudentID) VALUES (60, 45, 61);
INSERT INTO Grades (Grade, CourseID, StudentID) VALUES (90, 45, 30);
INSERT INTO Grades (Grade, CourseID, StudentID) VALUES (71, 45, 185);
INSERT INTO Grades (Grade, CourseID, StudentID) VALUES (98, 45, 148);
INSERT INTO Grades (Grade, CourseID, StudentID) VALUES (91, 45, 90);
INSERT INTO Grades (Grade, CourseID, StudentID) VALUES (96, 45, 55);
INSERT INTO Grades (Grade, CourseID, StudentID) VALUES (50, 45, 107);
INSERT INTO Grades (Grade, CourseID, StudentID) VALUES (94, 45, 136);
INSERT INTO Grades (Grade, CourseID, StudentID) VALUES (77, 45, 13);
INSERT INTO Grades (Grade, CourseID, StudentID) VALUES (73, 46, 109);
INSERT INTO Grades (Grade, CourseID, StudentID) VALUES (59, 46, 61);
INSERT INTO Grades (Grade, CourseID, StudentID) VALUES (81, 46, 118);
INSERT INTO Grades (Grade, CourseID, StudentID) VALUES (54, 46, 176);
INSERT INTO Grades (Grade, CourseID, StudentID) VALUES (87, 46, 101);
INSERT INTO Grades (Grade, CourseID, StudentID) VALUES (67, 46, 190);
INSERT INTO Grades (Grade, CourseID, StudentID) VALUES (50, 46, 95);
INSERT INTO Grades (Grade, CourseID, StudentID) VALUES (71, 46, 136);
INSERT INTO Grades (Grade, CourseID, StudentID) VALUES (95, 46, 131);
INSERT INTO Grades (Grade, CourseID, StudentID) VALUES (69, 46, 187);
INSERT INTO Grades (Grade, CourseID, StudentID) VALUES (69, 46, 172);
INSERT INTO Grades (Grade, CourseID, StudentID) VALUES (50, 46, 87);
INSERT INTO Grades (Grade, CourseID, StudentID) VALUES (66, 47, 103);
INSERT INTO Grades (Grade, CourseID, StudentID) VALUES (80, 47, 31);
INSERT INTO Grades (Grade, CourseID, StudentID) VALUES (72, 47, 164);
INSERT INTO Grades (Grade, CourseID, StudentID) VALUES (79, 47, 34);
INSERT INTO Grades (Grade, CourseID, StudentID) VALUES (72, 47, 67);
INSERT INTO Grades (Grade, CourseID, StudentID) VALUES (64, 47, 160);
INSERT INTO Grades (Grade, CourseID, StudentID) VALUES (65, 47, 138);
INSERT INTO Grades (Grade, CourseID, StudentID) VALUES (62, 47, 46);
INSERT INTO Grades (Grade, CourseID, StudentID) VALUES (71, 47, 105);
INSERT INTO Grades (Grade, CourseID, StudentID) VALUES (92, 47, 111);
INSERT INTO Grades (Grade, CourseID, StudentID) VALUES (61, 47, 159);
INSERT INTO Grades (Grade, CourseID, StudentID) VALUES (94, 48, 120);
INSERT INTO Grades (Grade, CourseID, StudentID) VALUES (94, 48, 167);
INSERT INTO Grades (Grade, CourseID, StudentID) VALUES (58, 48, 29);
INSERT INTO Grades (Grade, CourseID, StudentID) VALUES (71, 48, 48);
INSERT INTO Grades (Grade, CourseID, StudentID) VALUES (96, 48, 143);
INSERT INTO Grades (Grade, CourseID, StudentID) VALUES (99, 48, 4);
INSERT INTO Grades (Grade, CourseID, StudentID) VALUES (72, 48, 194);
INSERT INTO Grades (Grade, CourseID, StudentID) VALUES (97, 48, 76);
INSERT INTO Grades (Grade, CourseID, StudentID) VALUES (80, 48, 92);
INSERT INTO Grades (Grade, CourseID, StudentID) VALUES (85, 48, 189);
INSERT INTO Grades (Grade, CourseID, StudentID) VALUES (73, 48, 163);
INSERT INTO Grades (Grade, CourseID, StudentID) VALUES (93, 48, 180);
INSERT INTO Grades (Grade, CourseID, StudentID) VALUES (65, 48, 181);
INSERT INTO Grades (Grade, CourseID, StudentID) VALUES (94, 48, 1);
INSERT INTO Grades (Grade, CourseID, StudentID) VALUES (89, 48, 78);
INSERT INTO Grades (Grade, CourseID, StudentID) VALUES (55, 48, 68);
INSERT INTO Grades (Grade, CourseID, StudentID) VALUES (51, 49, 175);
INSERT INTO Grades (Grade, CourseID, StudentID) VALUES (98, 49, 120);
INSERT INTO Grades (Grade, CourseID, StudentID) VALUES (91, 49, 123);
INSERT INTO Grades (Grade, CourseID, StudentID) VALUES (91, 49, 170);
INSERT INTO Grades (Grade, CourseID, StudentID) VALUES (66, 49, 23);
INSERT INTO Grades (Grade, CourseID, StudentID) VALUES (72, 49, 62);
INSERT INTO Grades (Grade, CourseID, StudentID) VALUES (60, 49, 190);
INSERT INTO Grades (Grade, CourseID, StudentID) VALUES (74, 49, 57);
INSERT INTO Grades (Grade, CourseID, StudentID) VALUES (100, 49, 78);
INSERT INTO Grades (Grade, CourseID, StudentID) VALUES (50, 49, 135);
INSERT INTO Grades (Grade, CourseID, StudentID) VALUES (60, 49, 70);
INSERT INTO Grades (Grade, CourseID, StudentID) VALUES (53, 49, 49);
INSERT INTO Grades (Grade, CourseID, StudentID) VALUES (96, 49, 143);
INSERT INTO Grades (Grade, CourseID, StudentID) VALUES (96, 49, 67);
INSERT INTO Grades (Grade, CourseID, StudentID) VALUES (63, 49, 91);
INSERT INTO Grades (Grade, CourseID, StudentID) VALUES (60, 49, 15);
INSERT INTO Grades (Grade, CourseID, StudentID) VALUES (93, 49, 122);
INSERT INTO Grades (Grade, CourseID, StudentID) VALUES (62, 49, 97);
INSERT INTO Grades (Grade, CourseID, StudentID) VALUES (63, 49, 145);
INSERT INTO Grades (Grade, CourseID, StudentID) VALUES (86, 49, 198);
INSERT INTO Grades (Grade, CourseID, StudentID) VALUES (79, 50, 81);
INSERT INTO Grades (Grade, CourseID, StudentID) VALUES (92, 50, 186);
INSERT INTO Grades (Grade, CourseID, StudentID) VALUES (55, 50, 161);
INSERT INTO Grades (Grade, CourseID, StudentID) VALUES (97, 50, 43);
INSERT INTO Grades (Grade, CourseID, StudentID) VALUES (72, 50, 117);
INSERT INTO Grades (Grade, CourseID, StudentID) VALUES (76, 50, 168);
INSERT INTO Grades (Grade, CourseID, StudentID) VALUES (65, 50, 30);
INSERT INTO Grades (Grade, CourseID, StudentID) VALUES (65, 50, 114);
INSERT INTO Grades (Grade, CourseID, StudentID) VALUES (87, 50, 152);
INSERT INTO Grades (Grade, CourseID, StudentID) VALUES (76, 50, 84);
INSERT INTO Grades (Grade, CourseID, StudentID) VALUES (67, 50, 124);
INSERT INTO Grades (Grade, CourseID, StudentID) VALUES (92, 50, 39);
INSERT INTO Grades (Grade, CourseID, StudentID) VALUES (68, 50, 133);
INSERT INTO Grades (Grade, CourseID, StudentID) VALUES (98, 50, 150);
